{"cameraMode":{"drawMode":0,"name":"Shaded","section":"Shading Mode"},"sceneLighting":false,"audioPlay":false,"sceneViewState":{"m_AlwaysRefresh":false,"showFog":true,"showSkybox":false,"showFlares":true,"showImageEffects":true,"showParticleSystems":true,"showVisualEffectGraphs":true,"m_FxEnabled":true},"in2DMode":false,"pivot":{"x":0.08816242218017578,"y":49.43937301635742,"z":-15.938528060913086},"rotation":{"x":-0.16641764342784882,"y":-0.4559069871902466,"z":0.08720126748085022,"w":-0.8699832558631897},"size":51.89375305175781,"orthographic":true}