{"cameraMode":{"drawMode":0,"name":"Shaded","section":"Shading Mode"},"sceneLighting":false,"audioPlay":false,"sceneViewState":{"m_AlwaysRefresh":false,"showFog":true,"showSkybox":false,"showFlares":true,"showImageEffects":true,"showParticleSystems":true,"showVisualEffectGraphs":true,"m_FxEnabled":true},"in2DMode":false,"pivot":{"x":0.2604687809944153,"y":0.2643619775772095,"z":-2.090702533721924},"rotation":{"x":0.009923292323946953,"y":0.9899937510490418,"z":-0.10614652186632157,"w":0.09263545274734497},"size":2.5676374435424806,"orthographic":false}