{"cameraMode":{"drawMode":0,"name":"Shaded","section":"Shading Mode"},"sceneLighting":false,"audioPlay":false,"sceneViewState":{"m_AlwaysRefresh":false,"showFog":true,"showSkybox":false,"showFlares":true,"showImageEffects":true,"showParticleSystems":true,"showVisualEffectGraphs":true,"m_FxEnabled":true},"in2DMode":false,"pivot":{"x":-1.8849802017211915,"y":3.1035475730895998,"z":-0.26891231536865237},"rotation":{"x":-0.07381799817085266,"y":-0.6958993673324585,"z":-0.07228396087884903,"w":0.7106691598892212},"size":2.7532339096069338,"orthographic":false}